Player;Agencia ;stats_Nation;stats_Pos;stats_Squad;stats_Comp;stats_Age;stats_Born;stats_MP;stats_Starts;stats_Min;stats_90s;stats_Gls;stats_Ast;stats_G+A;stats_G-PK;stats_PK;stats_PKatt;stats_CrdY;stats_CrdR;stats_Gls_1;stats_Ast_2;stats_G+A_3;stats_G-PK_4;stats_G+A-PK;Agencia 
Alessandro Riep;;0;MF,FW;Audax Italiano;Primera Division Chile;0;0;10;5;475;53;0;0;0;0;0;0;0;0;0;0;0;0;0;
Gabriel Hachen;;ar ARG;MF,FW;Audax Italiano;Primera Division Chile;32;1990;24;12;1.183;131;2;5;7;2;0;0;3;0;15;38;53;15;53;
Fernando Juárez;;ar ARG;MF;Audax Italiano;Primera Division Chile;24;1998;20;19;1.634;182;0;0;0;0;0;0;12;1;0;0;0;0;0;
Gonzalo Ríos;;ar ARG;MF,FW;Audax Italiano;Primera Division Chile;24;1999;24;18;1.424;158;8;2;10;8;0;0;2;0;51;13;63;51;63;
Gonzalo Sosa;;ar ARG;FW;Audax Italiano;Primera Division Chile;34;1989;26;25;2.199;244;10;3;13;6;4;5;6;1;41;12;53;25;37;
Matías Sepúlveda;Vibra Futbol ;cl CHI;MF;Audax Italiano;Primera Division Chile;23;1999;27;21;1.764;196;3;3;6;3;0;0;4;0;15;15;31;15;31;
Osvaldo Bosso;;cl CHI;DF;Audax Italiano;Primera Division Chile;29;1993;20;20;1.688;188;2;1;3;2;0;0;5;1;11;5;16;11;16;
Marco Collao;Vibra Futbol ;cl CHI;MF;Audax Italiano;Primera Division Chile;24;1998;21;11;1.113;124;2;1;3;2;0;0;4;0;16;8;24;16;24;
Nicolás Fernández;Vibra Futbol ;cl CHI;DF,MF;Audax Italiano;Primera Division Chile;23;1999;24;20;1.618;180;0;3;3;0;0;0;2;1;0;17;17;0;17;
Oliver Rojas;;cl CHI;DF,MF;Audax Italiano;Primera Division Chile;22;2000;26;15;1.569;174;1;2;3;1;0;0;4;1;6;11;17;6;17;
Michael Fuentes;Talento Deportivo;cl CHI;FW,MF;Audax Italiano;Primera Division Chile;24;1998;24;17;1.536;171;1;1;2;1;0;0;6;2;6;6;12;6;12;
Ignacio Fuenzalida;;cl CHI;FW;Audax Italiano;Primera Division Chile;20;2002;3;2;117;13;2;0;2;2;0;0;0;0;154;0;154;154;154;
Marcelo Díaz;AIM Futbol ;cl CHI;MF;Audax Italiano;Primera Division Chile;36;1986;21;20;1.601;178;0;1;1;0;0;0;2;0;0;6;6;0;6;
Esteban Matus;Vibra Futbol ;cl CHI;DF;Audax Italiano;Primera Division Chile;20;2002;28;21;1.968;219;0;1;1;0;0;0;4;0;0;5;5;0;5;
Diego Monreal;Mauricio Méndez;cl CHI;DF,MF;Audax Italiano;Primera Division Chile;20;2002;11;5;463;51;1;0;1;1;0;0;1;0;19;0;19;19;19;
Fabián Torres Cuello;Mundo Futuro Chile;cl CHI;DF;Audax Italiano;Primera Division Chile;33;1989;11;7;644;72;1;0;1;1;0;0;2;0;14;0;14;14;14;
Tomás Ahumada;Mundo Futuro Chile;cl CHI;GK;Audax Italiano;Primera Division Chile;21;2001;25;25;2.25;250;0;0;0;0;0;0;2;0;0;0;0;0;0;
Gonzalo Alvarez;;cl CHI;FW;Audax Italiano;Primera Division Chile;26;1997;22;2;430;48;0;0;0;0;0;0;3;2;0;0;0;0;0;
Roberto Cereceda;;cl CHI;DF,MF;Audax Italiano;Primera Division Chile;38;1984;19;9;733;81;0;0;0;0;0;0;7;0;0;0;0;0;0;
Ian Godoy;;cl CHI;MF;Audax Italiano;Primera Division Chile;20;2003;1;0;18;2;0;0;0;0;0;0;0;0;0;0;0;0;0;
Carlos Labrín;Mundo Futuro Chile;cl CHI;DF;Audax Italiano;Primera Division Chile;32;1990;23;23;2.041;227;0;0;0;0;0;0;10;2;0;0;0;0;0;
Cristóbal Muñoz;Vibra Futbol ;cl CHI;DF;Audax Italiano;Primera Division Chile;23;1999;1;0;12;1;0;0;0;0;0;0;0;0;0;0;0;0;0;
Joaquín Muñoz;;cl CHI;GK;Audax Italiano;Primera Division Chile;32;1990;5;5;450;50;0;0;0;0;0;0;1;0;0;0;0;0;0;
Sebastián Pereira;;cl CHI;DF;Audax Italiano;Primera Division Chile;24;1999;10;6;645;72;0;0;0;0;0;0;1;0;0;0;0;0;0;
Javier Quiñones;Vibra Futbol ;cl CHI;MF;Audax Italiano;Primera Division Chile;20;2002;3;0;35;4;0;0;0;0;0;0;1;0;0;0;0;0;0;
Bastián Tapia;;cl CHI;DF;Audax Italiano;Primera Division Chile;20;2002;4;3;276;31;0;0;0;0;0;0;0;0;0;0;0;0;0;
Luis Riveros;;py PAR;FW;Audax Italiano;Primera Division Chile;24;1998;16;11;959;107;2;0;2;2;0;0;3;0;19;0;19;19;19;
Jhonatan Candia;;uy URU;FW,MF;Audax Italiano;Primera Division Chile;27;1995;10;8;617;69;0;1;1;0;0;0;1;0;0;15;15;0;15;
Alejandro Camargo;;ar ARG;MF;Cobresal;Primera Division Chile;33;1989;29;29;2.564;285;5;2;7;5;0;0;5;0;18;7;25;18;25;
Lucas Di Maio;;ar ARG;FW;Cobresal;Primera Division Chile;18;2005;1;0;17;2;0;0;0;0;0;0;0;0;0;0;0;0;0;
Franco García;;ar ARG;MF,FW;Cobresal;Primera Division Chile;25;1997;30;19;1.832;204;3;3;6;3;0;0;4;0;15;15;29;15;29;
Gastón Lezcano;;ar ARG;FW,MF;Cobresal;Primera Division Chile;36;1986;28;16;1.488;165;10;6;16;10;0;0;1;0;60;36;97;60;97;
Leandro Requena;;ar ARG;GK;Cobresal;Primera Division Chile;35;1987;25;25;2.25;250;1;0;1;1;0;0;2;0;4;0;4;4;4;
Maxmiliano Walter Rueda;;ar ARG;MF;Cobresal;Primera Division Chile;25;1997;20;3;477;53;1;1;2;1;0;0;0;0;19;19;38;19;38;
Leonardo Valencia;Vibra Futbol ;cl CHI;MF,FW;Cobresal;Primera Division Chile;31;1991;28;24;1.984;220;6;6;12;5;1;1;6;0;27;27;54;23;50;
Guillermo Pacheco;Mundo Futuro Chile;cl CHI;DF;Cobresal;Primera Division Chile;33;1989;25;24;2.169;241;4;5;9;4;0;0;7;1;17;21;37;17;37;
Cristopher Mesías;Unosports Limitada;cl CHI;MF;Cobresal;Primera Division Chile;24;1998;23;8;978;109;3;1;4;3;0;0;8;0;28;9;37;28;37;
Julio Castro Gutierrez;;cl CHI;FW;Cobresal;Primera Division Chile;26;1996;13;4;385;43;3;0;3;3;0;0;0;0;70;0;70;70;70;
Nelson Sepúlveda;;cl CHI;MF;Cobresal;Primera Division Chile;31;1992;24;13;1.205;134;1;2;3;1;0;0;6;0;7;15;22;7;22;
Francisco Alarcón;;cl CHI;DF;Cobresal;Primera Division Chile;32;1990;26;26;2.295;255;1;0;1;1;0;0;7;0;4;0;4;4;4;
Pablo Cárdenas;;cl CHI;DF;Cobresal;Primera Division Chile;22;2000;9;4;386;43;1;0;1;1;0;0;0;0;23;0;23;23;23;
Diego Céspedes;;cl CHI;DF;Cobresal;Primera Division Chile;24;1998;20;17;1.552;172;0;1;1;0;0;0;6;1;0;6;6;0;6;
Marcelo Jorquera;RSMTM;cl CHI;DF;Cobresal;Primera Division Chile;30;1992;28;28;2.506;278;0;1;1;0;0;0;6;0;0;4;4;0;4;
Luis Vásquez;;cl CHI;MF,FW;Cobresal;Primera Division Chile;21;2002;17;9;664;74;0;1;1;0;0;0;1;0;0;14;14;0;14;
Iván Contreras;;cl CHI;DF;Cobresal;Primera Division Chile;21;2001;2;1;91;10;0;0;0;0;0;0;1;0;0;0;0;0;0;
Marcelo Filla;;cl CHI;DF;Cobresal;Primera Division Chile;24;1998;4;2;173;19;0;0;0;0;0;0;0;0;0;0;0;0;0;
Benjamin Osses;;cl CHI;MF;Cobresal;Primera Division Chile;20;2002;3;2;107;12;0;0;0;0;0;0;0;0;0;0;0;0;0;
Yerco Oyanedel;;cl CHI;DF;Cobresal;Primera Division Chile;22;2000;5;1;126;14;0;0;0;0;0;0;0;0;0;0;0;0;0;
Ignacio Pacheco;;cl CHI;MF;Cobresal;Primera Division Chile;18;2004;4;4;241;27;0;0;0;0;0;0;0;0;0;0;0;0;0;
Alejandro Santander;Vis10n Futbol;cl CHI;GK;Cobresal;Primera Division Chile;20;2002;5;5;450;50;0;0;0;0;0;0;0;0;0;0;0;0;0;
Sebastián Silva;;cl CHI;DF;Cobresal;Primera Division Chile;31;1991;16;14;1.265;141;0;0;0;0;0;0;3;0;0;0;0;0;0;
Cristian Toro;Talento Deportivo;cl CHI;DF;Cobresal;Primera Division Chile;22;2000;6;3;323;36;0;0;0;0;0;0;0;0;0;0;0;0;0;
César Munder;Vibra Futbol ;cu CUB;MF,FW;Cobresal;Primera Division Chile;23;2000;28;25;2.077;231;5;3;8;5;0;0;10;0;22;13;35;22;35;
Cecilio Waterman;;pa PAN;FW;Cobresal;Primera Division Chile;31;1991;25;24;2.075;231;10;2;12;5;5;5;8;0;43;9;52;22;30;
Agustín Bouzat;;ar ARG;MF,DF;Colo-Colo;Primera Division Chile;28;1994;24;12;1.296;144;0;1;1;0;0;0;3;0;0;7;7;0;7;
Leonardo Gil;;ar ARG;MF;Colo-Colo;Primera Division Chile;31;1991;22;20;1.607;179;3;4;7;3;0;0;4;1;17;22;39;17;39;
Ramiro González Hernández;;ar ARG;DF;Colo-Colo;Primera Division Chile;32;1990;22;20;1.799;200;0;0;0;0;0;0;5;0;0;0;0;0;0;
Matías Moya;;ar ARG;FW;Colo-Colo;Primera Division Chile;24;1998;8;3;190;21;0;0;0;0;0;0;0;0;0;0;0;0;0;
Carlos Palacios;Unosports Limitada;cl CHI;FW,MF;Colo-Colo;Primera Division Chile;22;2000;23;17;1.597;177;7;3;10;4;3;3;3;1;39;17;56;23;39;
Damián Pizarro;Vibra Futbol ;cl CHI;FW;Colo-Colo;Primera Division Chile;17;2005;22;16;1.503;167;6;4;10;5;1;1;4;0;36;24;60;30;54;
Marcos Bolados;Vibra Futbol ;cl CHI;FW,MF;Colo-Colo;Primera Division Chile;26;1996;26;15;1.378;153;3;6;9;3;0;0;2;0;20;39;59;20;59;
Leandro Benegas;Mundo Futuro Chile;cl CHI;FW;Colo-Colo;Primera Division Chile;34;1988;25;14;1.095;122;6;1;7;5;1;1;3;0;49;8;58;41;49;
Jordhy Thompson;;cl CHI;FW,MF;Colo-Colo;Primera Division Chile;18;2004;15;11;758;84;3;2;5;3;0;0;0;0;36;24;59;36;59;
Érick Wiemberg;;cl CHI;DF;Colo-Colo;Primera Division Chile;28;1994;20;18;1.542;171;2;1;3;2;0;0;1;0;12;6;18;12;18;
César Fuentes;Vibra Futbol ;cl CHI;MF,DF;Colo-Colo;Primera Division Chile;29;1993;25;22;1.963;218;2;0;2;2;0;0;3;0;9;0;9;9;9;
Bruno Gutiérrez;Next level Sports Managament;cl CHI;MF,DF;Colo-Colo;Primera Division Chile;20;2002;10;8;628;70;0;2;2;0;0;0;1;1;0;29;29;0;29;
Óscar Opazo;Mundo Futuro Chile;cl CHI;DF;Colo-Colo;Primera Division Chile;32;1990;10;6;600;67;1;1;2;1;0;0;3;0;15;15;30;15;30;
Alexander Oroz;Vibra Futbol ;cl CHI;FW;Colo-Colo;Primera Division Chile;20;2002;13;2;369;41;2;0;2;2;0;0;1;0;49;0;49;49;49;
Pablo Parra;Vibra Futbol ;cl CHI;FW;Colo-Colo;Primera Division Chile;28;1994;8;6;487;54;0;2;2;0;0;0;0;0;0;37;37;0;37;
Vicente Pizarro;Vibra Futbol ;cl CHI;MF;Colo-Colo;Primera Division Chile;20;2002;24;20;1.532;170;2;0;2;2;0;0;2;0;12;0;12;12;12;
Esteban Pavez;Mundo Futuro Chile;cl CHI;MF;Colo-Colo;Primera Division Chile;32;1990;26;26;2.31;257;1;0;1;1;0;0;11;1;4;0;4;4;4;
Brayan Cortés;Vibra Futbol ;cl CHI;GK;Colo-Colo;Primera Division Chile;27;1995;21;21;1.815;202;0;0;0;0;0;0;0;1;0;0;0;0;0;
Daniel Gutiérrez;AIM Futbol ;cl CHI;DF;Colo-Colo;Primera Division Chile;19;2003;15;8;722;80;0;0;0;0;0;0;1;0;0;0;0;0;0;
Leonardo Hernandez;;cl CHI;DF;Colo-Colo;Primera Division Chile;23;1999;2;0;64;7;0;0;0;0;0;0;0;0;0;0;0;0;0;
Fernando de Paul;Talento Deportivo;cl CHI;GK;Colo-Colo;Primera Division Chile;31;1991;10;9;881;98;0;0;0;0;0;0;1;0;0;0;0;0;0;
Jeyson Rojas;;cl CHI;DF,MF;Colo-Colo;Primera Division Chile;21;2002;12;7;663;74;0;0;0;0;0;0;3;0;0;0;0;0;0;
Lucas Soto;AIM Futbol ;cl CHI;MF;Colo-Colo;Primera Division Chile;19;2003;2;0;16;2;0;0;0;0;0;0;0;0;0;0;0;0;0;
Fabián Castillo;;co COL;MF,FW;Colo-Colo;Primera Division Chile;30;1992;12;7;686;76;2;2;4;2;0;0;1;0;26;26;52;26;52;
Marco Rojas;;nz NZL;MF;Colo-Colo;Primera Division Chile;31;1991;4;1;126;14;0;1;1;0;0;0;1;0;0;71;71;0;71;
Dario Lezcano;;py PAR;FW;Colo-Colo;Primera Division Chile;32;1990;8;1;258;29;3;0;3;3;0;0;0;0;105;0;105;105;105;
Emiliano Amor;;sy SYR;DF;Colo-Colo;Primera Division Chile;27;1995;1;1;90;10;0;0;0;0;0;0;0;0;0;0;0;0;0;
Matías De los Santos;;uy URU;DF;Colo-Colo;Primera Division Chile;30;1992;6;4;372;41;0;0;0;0;0;0;1;0;0;0;0;0;0;
Maximiliano Falcón;;uy URU;DF;Colo-Colo;Primera Division Chile;25;1997;21;21;1.819;202;0;1;1;0;0;0;8;3;0;5;5;0;5;
Alan Saldivia;;uy URU;DF;Colo-Colo;Primera Division Chile;20;2002;17;14;1.294;144;0;0;0;0;0;0;1;0;0;0;0;0;0;
Bruno Cabrera;;ar ARG;DF;Coquimbo Unido;Primera Division Chile;25;1997;6;6;479;53;1;0;1;1;0;0;1;0;19;0;19;19;19;
Dylan Glaby;;ar ARG;MF;Coquimbo Unido;Primera Division Chile;26;1996;26;25;2.269;252;1;1;2;1;0;0;10;1;4;4;8;4;8;
Rodrigo Holgado;;ar ARG;FW;Coquimbo Unido;Primera Division Chile;27;1995;27;27;2.359;262;16;3;19;12;4;4;4;0;61;11;72;46;57;
Matías Palavecino;;ar ARG;MF;Coquimbo Unido;Primera Division Chile;24;1998;18;7;731;81;1;1;2;1;0;0;2;0;12;12;25;12;25;
Salvador Sánchez;;ar ARG;DF;Coquimbo Unido;Primera Division Chile;27;1995;24;24;2.155;239;2;0;2;2;0;0;7;1;8;0;8;8;8;
Luciano Cabral;;cl CHI;MF,FW;Coquimbo Unido;Primera Division Chile;27;1995;29;24;2.124;236;5;4;9;5;0;0;1;0;21;17;38;21;38;
Javier Parraguez;;cl CHI;FW,MF;Coquimbo Unido;Primera Division Chile;33;1989;18;7;777;86;4;5;9;4;0;0;1;1;46;58;104;46;104;
Juan Cornejo;Mundo Futuro Chile;cl CHI;DF;Coquimbo Unido;Primera Division Chile;32;1990;29;29;2.609;290;0;7;7;0;0;0;7;0;0;24;24;0;24;
Rubén Farfán;;cl CHI;MF,FW;Coquimbo Unido;Primera Division Chile;31;1991;27;25;2.118;235;4;3;7;4;0;0;6;0;17;13;30;17;30;
Benjamín Chandia;Mundo Futuro Chile;cl CHI;MF,FW;Coquimbo Unido;Primera Division Chile;20;2002;24;24;1.55;172;3;2;5;3;0;0;3;0;17;12;29;17;29;
Nicolás Rivera;;cl CHI;MF;Coquimbo Unido;Primera Division Chile;24;1998;24;0;437;49;2;1;3;2;0;0;2;0;41;21;62;41;62;
Joe Abrigo;;cl CHI;MF;Coquimbo Unido;Primera Division Chile;27;1995;7;1;195;22;2;0;2;1;1;1;1;0;92;0;92;46;46;
Cristopher Barrera;Mundo Futuro Chile;cl CHI;MF;Coquimbo Unido;Primera Division Chile;24;1998;6;1;170;19;1;1;2;1;0;0;1;0;53;53;106;53;106;
Fabián Carmona;;cl CHI;MF;Coquimbo Unido;Primera Division Chile;28;1994;14;2;344;38;1;1;2;1;0;0;2;0;26;26;52;26;52;
Diego Carrasco;Mundo Futuro Chile;cl CHI;DF;Coquimbo Unido;Primera Division Chile;27;1995;20;19;1.741;193;1;0;1;1;0;0;4;0;5;0;5;5;5;
Dylan Escobar;Mundo Futuro Chile;cl CHI;DF;Coquimbo Unido;Primera Division Chile;22;2000;27;25;2.242;249;0;1;1;0;0;0;3;0;0;4;4;0;4;
Cristian Aravena;;cl CHI;FW;Coquimbo Unido;Primera Division Chile;24;1998;4;0;87;10;0;0;0;0;0;0;1;0;0;0;0;0;0;
Felipe Barrientos;;cl CHI;FW,MF;Coquimbo Unido;Primera Division Chile;25;1997;1;0;12;1;0;0;0;0;0;0;1;0;0;0;0;0;0;
Levit Bejar;;cl CHI;MF;Coquimbo Unido;Primera Division Chile;19;2003;4;2;135;15;0;0;0;0;0;0;0;0;0;0;0;0;0;
Jhon Bravo;;cl CHI;MF;Coquimbo Unido;Primera Division Chile;21;2001;3;0;24;3;0;0;0;0;0;0;0;0;0;0;0;0;0;
Wladimir Cid;;cl CHI;FW;Coquimbo Unido;Primera Division Chile;25;1997;1;1;45;5;0;0;0;0;0;0;0;0;0;0;0;0;0;
Sebastián Galani;Mundo Futuro Chile;cl CHI;MF;Coquimbo Unido;Primera Division Chile;25;1997;29;29;2.334;259;0;0;0;0;0;0;4;0;0;0;0;0;0;
César Huanca;;cl CHI;FW;Coquimbo Unido;Primera Division Chile;21;2001;5;0;38;4;0;0;0;0;0;0;0;0;0;0;0;0;0;
Gonzalo Jara;;cl CHI;MF;Coquimbo Unido;Primera Division Chile;37;1985;3;1;48;5;0;0;0;0;0;0;0;0;0;0;0;0;0;
Ignacio Mesina;Mundo Futuro Chile;cl CHI;DF;Coquimbo Unido;Primera Division Chile;22;2001;5;5;399;44;0;0;0;0;0;0;1;0;0;0;0;0;0;
Diego Orellana;;cl CHI;MF;Coquimbo Unido;Primera Division Chile;21;2002;1;1;67;7;0;0;0;0;0;0;0;0;0;0;0;0;0;
Luis Pavez Contreras;;cl CHI;MF;Coquimbo Unido;Primera Division Chile;34;1988;13;3;315;35;0;0;0;0;0;0;1;0;0;0;0;0;0;
Miguel Pinto;Mundo Futuro Chile;cl CHI;GK;Coquimbo Unido;Primera Division Chile;39;1983;1;1;90;10;0;0;0;0;0;0;1;0;0;0;0;0;0;
Diego Sánchez Carvajal;Unosports Limitada;cl CHI;GK;Coquimbo Unido;Primera Division Chile;35;1987;29;29;2.61;290;0;0;0;0;0;0;7;0;0;0;0;0;0;
Filipe Yanez;;cl CHI;DF;Coquimbo Unido;Primera Division Chile;18;2004;5;1;199;22;0;0;0;0;0;0;1;0;0;0;0;0;0;
Sebastián Cardozo;;uy URU;DF;Coquimbo Unido;Primera Division Chile;27;1995;11;11;977;109;0;0;0;0;0;0;2;1;0;0;0;0;0;
Franco Bechtholdt;;ar ARG;DF;Curico Unido;Primera Division Chile;29;1993;23;20;1.775;197;0;0;0;0;0;0;7;0;0;0;0;0;0;
Matías Cahais;;ar ARG;DF;Curico Unido;Primera Division Chile;35;1987;17;17;1.497;166;0;1;1;0;0;0;2;1;0;6;6;0;6;
Federico Castro;;ar ARG;FW,MF;Curico Unido;Primera Division Chile;30;1992;21;14;1.342;149;5;2;7;1;4;5;5;0;34;13;47;7;20;
Tobías Figueroa;;ar ARG;FW,MF;Curico Unido;Primera Division Chile;30;1992;25;10;1.129;125;1;1;2;1;0;0;3;0;8;8;16;8;16;
Omar Merlo;;ar ARG;DF;Curico Unido;Primera Division Chile;35;1987;20;14;1.376;153;1;0;1;1;0;0;5;0;7;0;7;7;7;
Cristián Zavala;Mundo Futuro Chile;cl CHI;MF,FW;Curico Unido;Primera Division Chile;23;1999;26;20;1.801;200;1;8;9;1;0;0;8;0;5;40;45;5;45;
Jason Flores;;cl CHI;MF,FW;Curico Unido;Primera Division Chile;25;1997;24;13;1.152;128;3;0;3;3;0;0;1;0;23;0;23;23;23;
Nicolás Barrios;;cl CHI;FW,MF;Curico Unido;Primera Division Chile;19;2003;16;13;943;105;2;0;2;2;0;0;0;0;19;0;19;19;19;
Kennet Lara;;cl CHI;DF;Curico Unido;Primera Division Chile;23;1999;8;6;530;59;2;0;2;2;0;0;0;0;34;0;34;34;34;
Yerko Leiva;AIM Futbol ;cl CHI;MF;Curico Unido;Primera Division Chile;24;1998;27;25;1.989;221;2;0;2;2;0;1;2;1;9;0;9;9;9;
Cristopher Barrera;;cl CHI;DF;Curico Unido;Primera Division Chile;24;1998;5;4;395;44;0;1;1;0;0;0;0;0;0;23;23;0;23;
Augusto Barrios;;cl CHI;DF,MF;Curico Unido;Primera Division Chile;31;1991;22;13;1.24;138;1;0;1;1;0;0;7;1;7;0;7;7;7;
Sebastian Cabrera;;cl CHI;DF;Curico Unido;Primera Division Chile;24;1998;12;11;987;110;1;0;1;1;0;0;4;0;9;0;9;9;9;
Joaquin Gonzalez;;cl CHI;DF,MF;Curico Unido;Primera Division Chile;21;2001;12;7;590;66;0;1;1;0;0;0;1;1;0;15;15;0;15;
Ronald de la Fuente;;cl CHI;DF,MF;Curico Unido;Primera Division Chile;32;1991;19;19;1.665;185;0;1;1;0;0;0;5;0;0;5;5;0;5;
Felipe Ortiz;;cl CHI;MF;Curico Unido;Primera Division Chile;21;2001;14;9;785;87;0;1;1;0;0;0;2;0;0;11;11;0;11;
Mario Sandoval;;cl CHI;MF;Curico Unido;Primera Division Chile;31;1991;22;18;1.693;188;1;0;1;1;0;0;8;1;5;0;5;5;5;
Dilan Acevedo;;cl CHI;MF;Curico Unido;Primera Division Chile;19;2003;3;1;123;14;0;0;0;0;0;0;0;0;0;0;0;0;0;
Ronnie Albornoz;;cl CHI;MF;Curico Unido;Primera Division Chile;0;0;2;1;64;7;0;0;0;0;0;0;0;0;0;0;0;0;0;
Ian Aliaga;;cl CHI;FW;Curico Unido;Primera Division Chile;20;2002;4;4;207;23;0;0;0;0;0;0;0;0;0;0;0;0;0;
Cristian Bustamante;Factor Futbol;cl CHI;MF,FW;Curico Unido;Primera Division Chile;20;2002;3;3;135;15;0;0;0;0;0;0;0;0;0;0;0;0;0;
Fabián Cerda;;cl CHI;GK;Curico Unido;Primera Division Chile;33;1989;25;25;2.201;245;0;0;0;0;0;0;4;0;0;0;0;0;0;
Darko Fiamengo;AIM Futbol ;cl CHI;DF;Curico Unido;Primera Division Chile;19;2003;6;3;327;36;0;0;0;0;0;0;1;0;0;0;0;0;0;
Felipe Fritz;;cl CHI;FW,MF;Curico Unido;Primera Division Chile;25;1997;22;3;499;55;0;0;0;0;0;0;0;0;0;0;0;0;0;
Iván Garrido;;cl CHI;MF;Curico Unido;Primera Division Chile;19;2003;1;0;13;1;0;0;0;0;0;0;0;0;0;0;0;0;0;
Jorge Henríquez Neira;;cl CHI;MF,FW;Curico Unido;Primera Division Chile;28;1994;2;2;180;20;0;0;0;0;0;0;1;0;0;0;0;0;0;
Diego Munoz;;cl CHI;DF;Curico Unido;Primera Division Chile;20;2002;6;5;370;41;0;0;0;0;0;0;0;1;0;0;0;0;0;
Matías Ormazábal;Mauricio Méndez;cl CHI;MF;Curico Unido;Primera Division Chile;24;1998;3;1;61;7;0;0;0;0;0;0;0;0;0;0;0;0;0;
Benjamín Ortiz;;cl CHI;MF;Curico Unido;Primera Division Chile;23;1999;1;0;45;5;0;0;0;0;0;0;0;0;0;0;0;0;0;
Matías Retamal;;cl CHI;FW;Curico Unido;Primera Division Chile;16;2006;2;0;20;2;0;0;0;0;0;0;0;0;0;0;0;0;0;
Luis Santelices;;cl CHI;GK;Curico Unido;Primera Division Chile;37;1985;6;5;499;55;0;0;0;0;0;0;1;0;0;0;0;0;0;
Diego Urzúa;Mauricio Méndez;cl CHI;MF;Curico Unido;Primera Division Chile;25;1997;9;2;242;27;0;0;0;0;0;0;1;0;0;0;0;0;0;
Sergio Vergara;;cl CHI;FW;Curico Unido;Primera Division Chile;28;1994;1;0;4;0;0;0;0;0;0;0;0;0;0;0;0;0;0;
Diego Coelho;;uy URU;FW;Curico Unido;Primera Division Chile;28;1995;30;18;1.719;191;8;1;9;8;0;0;3;0;42;5;47;42;47;
Agustín Nadruz;;uy URU;MF,DF;Curico Unido;Primera Division Chile;26;1996;26;24;2.014;224;0;0;0;0;0;0;7;0;0;0;0;0;0;
Juan Ignacio Sills;;ar ARG;DF;Deportes Copiapó;Primera Division Chile;35;1987;25;21;1.95;217;0;0;0;0;0;0;10;0;0;0;0;0;0;
Juan Jaime;;ar ARG;MF;Deportes Copiapó;Primera Division Chile;30;1993;27;27;2.375;264;2;0;2;2;0;0;10;0;8;0;8;8;8;
Manuel López;;ar ARG;MF,FW;Deportes Copiapó;Primera Division Chile;27;1995;26;4;638;71;5;1;6;3;2;2;2;0;71;14;85;42;56;
Jorge Luna;;ar ARG;MF,FW;Deportes Copiapó;Primera Division Chile;36;1986;24;17;1.734;193;1;5;6;1;0;0;9;1;5;26;31;5;31;
Maximiliano Quinteros;;ar ARG;FW;Deportes Copiapó;Primera Division Chile;33;1989;30;24;2.087;232;8;1;9;8;0;1;3;0;34;4;39;34;39;
Isaac Díaz;Unosports Limitada;cl CHI;FW,MF;Deportes Copiapó;Primera Division Chile;32;1990;23;19;1.445;161;6;2;8;4;2;2;8;2;37;12;50;25;37;
John Valladares;;cl CHI;MF,FW;Deportes Copiapó;Primera Division Chile;20;2002;24;9;1.03;114;4;0;4;4;0;0;2;0;35;0;35;35;35;
Jens Buss;;cl CHI;DF,MF;Deportes Copiapó;Primera Division Chile;26;1997;8;8;661;73;0;3;3;0;0;0;1;0;0;41;41;0;41;
Felipe Reynero;Mundo Futuro Chile;cl CHI;MF;Deportes Copiapó;Primera Division Chile;33;1989;23;17;1.532;170;0;3;3;0;0;0;4;0;0;18;18;0;18;
Diego García Medina;;cl CHI;DF;Deportes Copiapó;Primera Division Chile;26;1996;27;25;2.24;249;1;1;2;1;0;0;8;1;4;4;8;4;8;
Agustín Ortiz;;cl CHI;DF;Deportes Copiapó;Primera Division Chile;24;1999;20;17;1.481;165;1;1;2;1;0;0;6;1;6;6;12;6;12;
Luis Cabrera;;cl CHI;MF;Deportes Copiapó;Primera Division Chile;29;1994;18;12;940;104;0;1;1;0;0;0;4;0;0;10;10;0;10;
Yerco Oyanedel;;cl CHI;MF;Deportes Copiapó;Primera Division Chile;22;2000;13;11;899;100;0;1;1;0;0;0;0;0;0;10;10;0;10;
Luca Pontigo;;cl CHI;MF;Deportes Copiapó;Primera Division Chile;28;1994;7;1;101;11;0;1;1;0;0;0;0;0;0;89;89;0;89;
Iván Rozas;Mundo Futuro Chile;cl CHI;MF;Deportes Copiapó;Primera Division Chile;24;1998;29;23;1.979;220;1;0;1;1;0;0;5;0;5;0;5;5;5;
Juan Contreras;;cl CHI;DF;Deportes Copiapó;Primera Division Chile;29;1993;11;3;353;39;0;0;0;0;0;0;2;0;0;0;0;0;0;
Nelson Espinoza;;cl CHI;GK;Deportes Copiapó;Primera Division Chile;27;1995;22;22;1.906;212;0;0;0;0;0;0;4;0;0;0;0;0;0;
Richard Leyton;;cl CHI;GK;Deportes Copiapó;Primera Division Chile;36;1987;9;8;794;88;0;0;0;0;0;0;2;0;0;0;0;0;0;
Marco Medel;;cl CHI;MF;Deportes Copiapó;Primera Division Chile;33;1989;21;13;1.16;129;0;0;0;0;0;0;3;0;0;0;0;0;0;
Wilson Piñones;;cl CHI;DF;Deportes Copiapó;Primera Division Chile;34;1988;2;0;68;8;0;0;0;0;0;0;0;0;0;0;0;0;0;
Axl Ríos;;cl CHI;DF;Deportes Copiapó;Primera Division Chile;23;1999;14;4;550;61;0;0;0;0;0;0;2;0;0;0;0;0;0;
Bruno Romo;;cl CHI;DF;Deportes Copiapó;Primera Division Chile;33;1989;8;6;559;62;0;0;0;0;0;0;0;0;0;0;0;0;0;
David Tati;Ikons by Solo Cracks;cl CHI;DF,MF;Deportes Copiapó;Primera Division Chile;20;2002;11;7;595;66;0;0;0;0;0;0;0;0;0;0;0;0;0;
Ian Toro;;cl CHI;DF;Deportes Copiapó;Primera Division Chile;20;2002;10;10;772;86;0;0;0;0;0;0;5;2;0;0;0;0;0;
Nicolás Vargas;;cl CHI;DF;Deportes Copiapó;Primera Division Chile;30;1992;11;11;937;104;0;0;0;0;0;0;1;1;0;0;0;0;0;
Reiner Castro;;ve VEN;MF;Deportes Copiapó;Primera Division Chile;29;1994;14;11;766;85;2;1;3;2;0;0;1;1;23;12;35;23;35;
Nicolás Berardo;;ar ARG;DF;Deportes Magallanes;Primera Division Chile;32;1990;22;18;1.65;183;2;1;3;2;0;0;6;0;11;5;16;11;16;
Felipe Cadenazzi;;ar ARG;FW;Deportes Magallanes;Primera Division Chile;31;1991;5;1;129;14;0;1;1;0;0;0;0;0;0;70;70;0;70;
Joaquín Larrivey;;ar ARG;FW;Deportes Magallanes;Primera Division Chile;38;1984;12;10;917;102;7;1;8;6;1;2;1;0;69;10;79;59;69;
Fernando Piñero;;ar ARG;DF;Deportes Magallanes;Primera Division Chile;29;1993;27;22;2.055;228;3;0;3;3;0;0;7;0;13;0;13;13;13;
Cristóbal Jorquera;;cl CHI;FW,MF;Deportes Magallanes;Primera Division Chile;34;1988;21;9;981;109;3;4;7;3;0;0;5;0;28;37;64;28;64;
Felipe Flores;;cl CHI;FW;Deportes Magallanes;Primera Division Chile;36;1987;25;22;1.763;196;4;2;6;4;0;0;4;2;20;10;31;20;31;
Carlos Villanueva;;cl CHI;MF,FW;Deportes Magallanes;Primera Division Chile;36;1986;25;11;1.103;123;2;3;5;1;1;2;1;0;16;24;41;8;33;
Tomán Aránguiz;;cl CHI;MF;Deportes Magallanes;Primera Division Chile;25;1997;27;23;2.101;233;1;3;4;1;0;0;4;0;4;13;17;4;17;
Alfred Canales;;cl CHI;MF;Deportes Magallanes;Primera Division Chile;22;2000;28;23;1.698;189;3;0;3;3;0;0;4;0;16;0;16;16;16;
Thomas Jones;;cl CHI;FW,MF;Deportes Magallanes;Primera Division Chile;25;1997;22;13;1.047;116;1;2;3;1;0;0;2;0;9;17;26;9;26;
Julian Alfaro;;cl CHI;MF,FW;Deportes Magallanes;Primera Division Chile;21;2001;27;13;1.325;147;2;0;2;2;0;0;5;1;14;0;14;14;14;
Simón Contreras;;cl CHI;DF,FW;Deportes Magallanes;Primera Division Chile;20;2002;22;6;829;92;1;1;2;1;0;0;1;0;11;11;22;11;22;
Felipe Espinoza;Talento Deportivo;cl CHI;DF,MF;Deportes Magallanes;Primera Division Chile;23;1999;24;23;2;222;0;2;2;0;0;0;5;0;0;9;9;0;9;
Iván Vásquez;;cl CHI;MF;Deportes Magallanes;Primera Division Chile;37;1985;18;13;1.02;113;0;2;2;0;0;0;1;0;0;18;18;0;18;
Christian Vilches;;cl CHI;DF;Deportes Magallanes;Primera Division Chile;39;1983;24;23;2.027;225;1;0;1;1;0;0;3;0;4;0;4;4;4;
Albert Acevedo;;cl CHI;DF;Deportes Magallanes;Primera Division Chile;39;1983;10;6;555;62;0;0;0;0;0;0;2;0;0;0;0;0;0;
Alonso Barría;;cl CHI;FW;Deportes Magallanes;Primera Division Chile;17;2005;3;1;80;9;0;0;0;0;0;0;1;0;0;0;0;0;0;
César Cortés;;cl CHI;MF;Deportes Magallanes;Primera Division Chile;39;1984;6;5;495;55;0;0;0;0;0;1;0;0;0;0;0;0;0;
Nicolás Corvetto;;cl CHI;DF;Deportes Magallanes;Primera Division Chile;36;1986;9;5;417;46;0;0;0;0;0;0;2;0;0;0;0;0;0;
Marcelo Filla;;cl CHI;DF,MF;Deportes Magallanes;Primera Division Chile;24;1998;8;7;506;56;0;0;0;0;0;0;3;0;0;0;0;0;0;
Francisco Peña;;cl CHI;MF;Deportes Magallanes;Primera Division Chile;19;2003;1;0;24;3;0;0;0;0;0;0;1;0;0;0;0;0;0;
Matías Poblete;;cl CHI;DF,MF;Deportes Magallanes;Primera Division Chile;0;0;19;19;1.347;150;0;0;0;0;0;0;2;0;0;0;0;0;0;
Javier Quiroz;;cl CHI;MF;Deportes Magallanes;Primera Division Chile;22;2000;4;1;110;12;0;0;0;0;0;0;1;0;0;0;0;0;0;
Andrés Souper;;cl CHI;MF;Deportes Magallanes;Primera Division Chile;23;1999;7;0;194;22;0;0;0;0;0;0;0;0;0;0;0;0;0;
Diego Tapia;;cl CHI;GK;Deportes Magallanes;Primera Division Chile;27;1995;11;10;936;104;0;0;0;0;0;0;1;0;0;0;0;0;0;
Manuel Vicuña;;cl CHI;MF,FW;Deportes Magallanes;Primera Division Chile;23;1999;12;3;359;40;0;0;0;0;0;0;0;0;0;0;0;0;0;
Yeiler Goez;;co COL;MF;Deportes Magallanes;Primera Division Chile;23;1999;2;0;69;8;0;0;0;0;0;0;2;1;0;0;0;0;0;
Yorman Zapata;;co COL;FW,MF;Deportes Magallanes;Primera Division Chile;22;2000;26;23;2.078;231;4;2;6;4;0;0;10;0;17;9;26;17;26;
Matías Rodríguez;;uy URU;GK;Deportes Magallanes;Primera Division Chile;28;1994;20;20;1.764;196;0;0;0;0;0;0;1;0;0;0;0;0;0;
Julio Barroso;;ar ARG;DF;Everton;Primera Division Chile;38;1985;22;22;1.804;200;0;0;0;0;0;0;1;0;0;0;0;0;0;
Juan Cuevas;;ar ARG;MF,FW;Everton;Primera Division Chile;34;1988;15;11;960;107;1;2;3;1;0;1;3;0;9;19;28;9;28;
Lautaro Pastrán;AIM Futbol ;ar ARG;MF,FW;Everton;Primera Division Chile;20;2002;17;11;956;106;5;1;6;5;0;0;3;0;47;9;56;47;56;
Sebastián Sáez;;ar ARG;FW;Everton;Primera Division Chile;38;1985;28;23;2.12;236;12;4;16;11;1;1;2;0;51;17;68;47;64;
Leonardo Sequeira;;ar ARG;MF,FW;Everton;Primera Division Chile;27;1995;14;8;725;81;2;1;3;2;0;0;1;0;25;12;37;25;37;
Ismael Sosa;;ar ARG;FW;Everton;Primera Division Chile;36;1987;7;3;237;26;0;1;1;0;0;0;1;0;0;38;38;0;38;
Matías Campos López;;cl CHI;FW;Everton;Primera Division Chile;31;1991;29;21;1.819;202;7;2;9;7;0;0;3;0;35;10;45;35;45;
Álvaro Madrid;Mundo Futuro Chile;cl CHI;MF;Everton;Primera Division Chile;27;1995;30;30;2.573;286;3;3;6;3;0;0;5;0;10;10;21;10;21;
Benjamín Berríos;AIM Futbol ;cl CHI;MF;Everton;Primera Division Chile;24;1998;28;28;2.481;276;0;5;5;0;0;0;6;1;0;18;18;0;18;
Rodrigo Echeverría;;cl CHI;DF,MF;Everton;Primera Division Chile;27;1995;18;18;1.62;180;3;1;4;0;3;5;1;0;17;6;22;0;6;
Pedro Sánchez;Unosports Limitada;cl CHI;MF,FW;Everton;Primera Division Chile;24;1998;20;6;672;75;1;2;3;1;0;0;3;0;13;27;40;13;40;
Felipe Campos;;cl CHI;DF;Everton;Primera Division Chile;29;1993;19;14;1.392;155;1;1;2;1;0;0;2;0;6;6;13;6;13;
Jorge Espejo;;cl CHI;MF,DF;Everton;Primera Division Chile;22;2000;25;19;1.585;176;1;1;2;1;0;0;4;0;6;6;11;6;11;
Diego Oyarzún;;cl CHI;DF;Everton;Primera Division Chile;30;1993;29;29;2.555;284;1;1;2;1;0;0;5;0;4;4;7;4;7;
Martín Cárcamo;;cl CHI;MF;Everton;Primera Division Chile;19;2003;4;0;58;6;1;0;1;1;0;0;1;0;155;0;155;155;155;
Alejandro Henríquez;Unosports Limitada;cl CHI;MF,DF;Everton;Primera Division Chile;21;2001;11;4;483;54;1;0;1;1;0;0;3;0;19;0;19;19;19;
Cristián Riquelme;Talento Deportivo;cl CHI;MF,DF;Everton;Primera Division Chile;19;2003;25;19;1.463;163;1;0;1;1;0;0;8;0;6;0;6;6;6;
Joan Cruz;AIM Futbol ;cl CHI;MF;Everton;Primera Division Chile;19;2003;5;2;180;20;0;0;0;0;0;0;0;0;0;0;0;0;0;
Claudio González;;cl CHI;GK;Everton;Primera Division Chile;32;1990;1;1;90;10;0;0;0;0;0;0;0;0;0;0;0;0;0;
Cristopher Medina;Talento Deportivo;cl CHI;MF;Everton;Primera Division Chile;21;2001;10;2;301;33;0;0;0;0;0;0;1;0;0;0;0;0;0;
Sebastián Pereira;;cl CHI;DF;Everton;Primera Division Chile;24;1999;10;7;776;86;0;0;0;0;0;0;3;0;0;0;0;0;0;
Emiliano Ramos;;cl CHI;FW;Everton;Primera Division Chile;17;2005;1;0;1;0;0;0;0;0;0;0;1;0;0;0;0;0;0;
Bryan Soto;Vibra Futbol ;cl CHI;MF;Everton;Primera Division Chile;21;2001;16;1;321;36;0;0;0;0;0;0;2;0;0;0;0;0;0;
Vicente Vega;;cl CHI;DF;Everton;Primera Division Chile;18;2004;10;6;469;52;0;0;0;0;0;0;1;0;0;0;0;0;0;
Luis Montes;;mx MEX;MF;Everton;Primera Division Chile;36;1986;22;16;1.332;148;2;5;7;2;0;0;7;2;14;34;47;14;47;
Franco Torgnascioli;;uy URU;GK;Everton;Primera Division Chile;32;1990;29;29;2.61;290;0;0;0;0;0;0;5;0;0;0;0;0;0;
Mateo Acosta;;ar ARG;FW;Huachipato;Primera Division Chile;30;1992;10;4;341;38;2;0;2;2;0;0;2;0;53;0;53;53;53;
Julián Brea;;ar ARG;FW;Huachipato;Primera Division Chile;23;1999;26;4;1.065;118;2;1;3;2;0;0;0;0;17;8;25;17;25;
Pablo Magnín;;ar ARG;FW;Huachipato;Primera Division Chile;32;1990;13;4;387;43;1;0;1;1;0;0;2;0;23;0;23;23;23;
Renzo Malanca;;ar ARG;DF;Huachipato;Primera Division Chile;19;2003;13;4;358;40;0;0;0;0;0;0;0;0;0;0;0;0;0;
Cris Martínez;;cl CHI;FW;Huachipato;Primera Division Chile;29;1993;28;28;2.339;260;12;6;18;10;2;2;7;1;46;23;69;38;62;
Maximiliano Rodríguez;;cl CHI;FW;Huachipato;Primera Division Chile;22;2000;28;24;2.027;225;7;2;9;7;0;0;3;0;31;9;40;31;40;
Javier Urzúa;;cl CHI;MF,FW;Huachipato;Primera Division Chile;23;1999;18;18;1.595;177;3;4;7;3;0;0;5;1;17;23;39;17;39;
Felipe Loyola;;cl CHI;DF,MF;Huachipato;Primera Division Chile;22;2000;16;12;1.131;126;4;1;5;4;0;0;6;0;32;8;40;32;40;
Jimmy Martinez;Vibra Futbol ;cl CHI;MF;Huachipato;Primera Division Chile;26;1997;28;26;2.112;235;2;3;5;2;0;0;8;1;9;13;21;9;21;
Antonio Castillo;Talento Deportivo;cl CHI;DF;Huachipato;Primera Division Chile;24;1998;24;13;1.293;144;1;3;4;1;0;0;1;0;7;21;28;7;28;
Nicolás Baeza;Unosports Limitada;cl CHI;DF;Huachipato;Primera Division Chile;25;1997;21;15;1.242;138;0;2;2;0;0;0;6;0;0;14;14;0;14;
Joaquín Gutierrez;Vibra Futbol ;cl CHI;DF;Huachipato;Primera Division Chile;20;2002;29;22;2.037;226;0;2;2;0;0;0;1;0;0;9;9;0;9;
Benjamín Gazzolo;Andes Sport Management;cl CHI;DF;Huachipato;Primera Division Chile;25;1997;28;24;2.183;243;1;0;1;1;0;0;4;0;4;0;4;4;4;
Nicolás Ramírez Aguilera;;cl CHI;DF;Huachipato;Primera Division Chile;25;1997;28;26;2.287;254;0;1;1;0;0;0;2;0;0;4;4;0;4;
Claudio Sepúlveda;Vibra Futbol ;cl CHI;MF,DF;Huachipato;Primera Division Chile;30;1992;26;26;2.237;249;0;1;1;0;0;0;7;2;0;4;4;0;4;
Gabriel Castellón;Vibra Futbol ;cl CHI;GK;Huachipato;Primera Division Chile;29;1993;29;29;2.585;287;0;0;0;0;0;0;3;1;0;0;0;0;0;
Nelson Guaiquil;;cl CHI;DF;Huachipato;Primera Division Chile;20;2003;3;3;195;22;0;0;0;0;0;0;0;0;0;0;0;0;0;
César Huanca;;cl CHI;FW;Huachipato;Primera Division Chile;21;2001;3;0;29;3;0;0;0;0;0;0;0;0;0;0;0;0;0;
Carlos Lobos;;cl CHI;MF;Huachipato;Primera Division Chile;25;1997;4;0;63;7;0;0;0;0;0;0;1;0;0;0;0;0;0;
Martín Parra;Vibra Futbol ;cl CHI;GK;Huachipato;Primera Division Chile;22;2000;2;1;113;13;0;0;0;0;0;0;1;0;0;0;0;0;0;
Claudio Torres;;cl CHI;FW;Huachipato;Primera Division Chile;19;2003;17;5;414;46;0;0;0;0;0;0;4;1;0;0;0;0;0;
Carlo Villanueva;;cl CHI;MF;Huachipato;Primera Division Chile;23;1999;8;1;135;15;0;0;0;0;0;0;0;0;0;0;0;0;0;
Gonzalo Montes;;uy URU;MF;Huachipato;Primera Division Chile;28;1994;25;22;2.005;223;8;3;11;7;1;1;8;1;36;13;49;31;45;
Brayan Palmezano;;ve VEN;MF,FW;Huachipato;Primera Division Chile;22;2000;25;19;1.456;162;4;3;7;4;0;0;4;0;25;19;43;25;43;
Nelson Acevedo;;ar ARG;MF;La Calera;Primera Division Chile;34;1988;8;7;541;60;0;0;0;0;0;0;2;0;0;0;0;0;0;
Diego Buonanotte;;ar ARG;FW,MF;La Calera;Primera Division Chile;34;1988;30;20;1.786;198;3;6;9;3;0;0;3;0;15;30;45;15;45;
Juan Freytes;;ar ARG;DF;La Calera;Primera Division Chile;23;2000;24;19;1.796;200;2;0;2;2;0;0;6;0;10;0;10;10;10;
Sebastián Lomonaco;;ar ARG;FW,MF;La Calera;Primera Division Chile;24;1998;27;13;1.298;144;4;3;7;3;1;1;3;0;28;21;49;21;42;
Hernán Lopes;;ar ARG;DF;La Calera;Primera Division Chile;31;1991;21;18;1.667;185;1;0;1;1;0;0;7;1;5;0;5;5;5;
Augusto Max;;ar ARG;MF;La Calera;Primera Division Chile;30;1992;15;11;952;106;0;0;0;0;0;0;2;0;0;0;0;0;0;
Fernando Otarola;;ar ARG;GK;La Calera;Primera Division Chile;36;1986;4;4;360;40;0;0;0;0;0;0;3;0;0;0;0;0;0;
Lucas Passerini;;ar ARG;FW;La Calera;Primera Division Chile;28;1994;14;12;1.086;121;7;1;8;6;1;1;3;0;58;8;66;50;58;
César Pérez;;cl CHI;MF,FW;La Calera;Primera Division Chile;20;2002;27;24;2.09;232;6;3;9;5;1;2;7;0;26;13;39;22;34;
Matias Cavalleri;;cl CHI;FW,MF;La Calera;Primera Division Chile;24;1998;20;17;1.423;158;4;3;7;4;0;0;0;0;25;19;44;25;44;
Nicolás Orellana;;cl CHI;FW,MF;La Calera;Primera Division Chile;27;1995;26;19;1.51;168;4;2;6;4;0;0;5;0;24;12;36;24;36;
Francisco Salinas;;cl CHI;DF;La Calera;Primera Division Chile;23;1999;25;21;1.767;196;2;3;5;2;0;0;3;0;10;15;25;10;25;
Juan Carlos Gaete;;cl CHI;MF,FW;La Calera;Primera Division Chile;25;1997;14;6;535;59;2;1;3;2;0;0;3;0;34;17;50;34;50;
Tomás Astaburuaga;;cl CHI;DF;La Calera;Primera Division Chile;26;1996;28;27;2.409;268;1;1;2;1;0;0;6;0;4;4;7;4;7;
Leandro Díaz;Vibra Futbol ;cl CHI;DF;La Calera;Primera Division Chile;23;1999;25;21;1.748;194;0;2;2;0;0;0;8;2;0;10;10;0;10;
William Alarcón;;cl CHI;MF;La Calera;Primera Division Chile;22;2000;7;7;623;69;1;0;1;0;1;1;1;0;14;0;14;0;0;
Brayan Garrido;;cl CHI;MF;La Calera;Primera Division Chile;24;1999;20;7;878;98;0;1;1;0;0;0;2;0;0;10;10;0;10;
Bairo Riveros;;cl CHI;MF;La Calera;Primera Division Chile;23;1999;8;0;121;13;1;0;1;1;0;0;0;0;74;0;74;74;74;
Nicolás Aedo;Vibra Futbol ;cl CHI;DF;La Calera;Primera Division Chile;21;2001;8;0;109;12;0;0;0;0;0;0;0;0;0;0;0;0;0;
Omar Carabalí;;cl CHI;GK;La Calera;Primera Division Chile;25;1997;26;26;2.34;260;0;0;0;0;0;0;4;0;0;0;0;0;0;
Enzo Ferrario;Vibra Futbol ;cl CHI;DF;La Calera;Primera Division Chile;22;2000;6;5;472;52;0;0;0;0;0;0;0;0;0;0;0;0;0;
Patricio Flores;;cl CHI;MF;La Calera;Primera Division Chile;21;2002;8;2;198;22;0;0;0;0;0;0;1;0;0;0;0;0;0;
Farick Haddad;;cl CHI;MF;La Calera;Primera Division Chile;20;2002;2;0;3;0;0;0;0;0;0;0;0;0;0;0;0;0;0;
Nicolás Peñailillo;AIM Futbol ;cl CHI;MF,DF;La Calera;Primera Division Chile;31;1991;11;3;269;30;0;0;0;0;0;0;1;0;0;0;0;0;0;
John Salas;;cl CHI;DF,MF;La Calera;Primera Division Chile;26;1996;14;6;656;73;0;0;0;0;0;0;0;0;0;0;0;0;0;
Diego Sanhueza;;cl CHI;DF;La Calera;Primera Division Chile;20;2002;2;1;91;10;0;0;0;0;0;0;0;0;0;0;0;0;0;
Esteban Valencia;;cl CHI;MF,DF;La Calera;Primera Division Chile;23;1999;27;24;1.958;218;0;0;0;0;0;0;9;1;0;0;0;0;0;
Agustín Rodríguez;;uy URU;FW;La Calera;Primera Division Chile;24;1998;12;10;881;98;4;1;5;4;0;0;1;0;41;10;51;41;51;
Lucas Abascia;;ar ARG;DF;Ñublense;Primera Division Chile;27;1995;17;12;1.15;128;1;0;1;1;0;0;3;0;8;0;8;8;8;
Ismael Sosa;;ar ARG;FW,MF;Ñublense;Primera Division Chile;36;1987;15;14;1.139;127;3;1;4;3;0;0;2;0;24;8;32;24;32;
Nicolás Zalazar;;ar ARG;DF;Ñublense;Primera Division Chile;26;1997;22;20;1.76;196;2;1;3;2;0;0;7;2;10;5;15;10;15;
Juan Córdova;;ca CAN;MF,DF;Ñublense;Primera Division Chile;27;1995;8;3;324;36;0;1;1;0;0;0;0;0;0;28;28;0;28;
Patricio Rubio;Unosports Limitada;cl CHI;FW;Ñublense;Primera Division Chile;33;1989;25;22;2.04;227;15;2;17;10;5;5;6;2;66;9;75;44;53;
Bernardo Cerezo;;cl CHI;DF;Ñublense;Primera Division Chile;28;1995;25;22;2.011;223;1;4;5;1;0;0;9;1;4;18;22;4;22;
Alex Valdés;Talento Deportivo;cl CHI;FW,MF;Ñublense;Primera Division Chile;20;2002;22;12;921;102;3;1;4;3;0;0;0;0;29;10;39;29;39;
Giovanni Campusano;;cl CHI;DF,MF;Ñublense;Primera Division Chile;30;1993;25;24;2.005;223;0;3;3;0;0;0;5;1;0;13;13;0;13;
Andrés Vilches;;cl CHI;FW;Ñublense;Primera Division Chile;31;1992;21;12;1.095;122;2;1;3;2;0;0;1;0;16;8;25;16;25;
Pablo Aránguiz;Unosports Limitada;cl CHI;MF,FW;Ñublense;Primera Division Chile;25;1997;16;5;523;58;1;1;2;1;0;0;3;0;17;17;34;17;34;
Jorge Henríquez Neira;;cl CHI;MF,FW;Ñublense;Primera Division Chile;28;1994;14;9;773;86;1;1;2;1;0;0;3;0;12;12;23;12;23;
Bayron Oyarzo;Unosports Limitada;cl CHI;FW,MF;Ñublense;Primera Division Chile;26;1996;25;16;1.486;165;1;1;2;1;0;0;1;0;6;6;12;6;12;
Lorenzo Reyes;Unosports Limitada;cl CHI;MF;Ñublense;Primera Division Chile;31;1991;25;24;2.121;236;2;0;2;2;0;0;6;1;8;0;8;8;8;
Manuel Rivera;Unosports Limitada;cl CHI;MF;Ñublense;Primera Division Chile;26;1996;22;18;1.532;170;0;2;2;0;0;0;9;1;0;12;12;0;12;
Rafael Caroca;Talento Deportivo;cl CHI;DF,MF;Ñublense;Primera Division Chile;33;1989;29;29;2.585;287;1;0;1;1;0;0;6;0;3;0;3;3;3;
Juan Leiva;;cl CHI;MF,FW;Ñublense;Primera Division Chile;29;1993;29;22;2.038;226;0;1;1;0;0;0;4;1;0;4;4;0;4;
Branco Provoste;;cl CHI;MF;Ñublense;Primera Division Chile;22;2000;12;2;261;29;0;1;1;0;0;0;0;0;0;34;34;0;34;
Rodrigo Cisterna;Andes Sport Management;cl CHI;MF;Ñublense;Primera Division Chile;20;2002;21;9;736;82;0;0;0;0;0;0;0;0;0;0;0;0;0;
Santiago Dittborn;Talento Deportivo;cl CHI;MF;Ñublense;Primera Division Chile;30;1992;8;1;167;19;0;0;0;0;0;0;0;0;0;0;0;0;0;
Enzo Guerrero;;cl CHI;DF;Ñublense;Primera Division Chile;32;1991;14;10;767;85;0;0;0;0;0;0;4;0;0;0;0;0;0;
Walter Martínez;;cl CHI;MF;Ñublense;Primera Division Chile;23;2000;4;0;6;1;0;0;0;0;0;0;1;0;0;0;0;0;0;
Hernán Muñoz;;cl CHI;GK;Ñublense;Primera Division Chile;34;1988;2;2;180;20;0;0;0;0;0;0;3;1;0;0;0;0;0;
Raimundo Rebolledo;;cl CHI;DF,MF;Ñublense;Primera Division Chile;25;1997;21;14;1.302;145;0;0;0;0;0;0;5;2;0;0;0;0;0;
Nicola Pérez;;uy URU;GK;Ñublense;Primera Division Chile;32;1990;28;28;2.52;280;0;0;0;0;0;0;3;0;0;0;0;0;0;
Brian Blando;;ar ARG;FW;O'Higgins;Primera Division Chile;27;1995;14;10;923;103;5;1;6;4;1;1;4;0;49;10;59;39;49;
Valentín Larralde;;ar ARG;MF;O'Higgins;Primera Division Chile;22;2000;15;12;948;105;0;2;2;0;0;0;3;1;0;19;19;0;19;
Lucas Paez;;ar ARG;MF;O'Higgins;Primera Division Chile;22;2001;3;0;28;3;0;0;0;0;0;0;1;0;0;0;0;0;0;
Nicolás Thaller;;ar ARG;DF;O'Higgins;Primera Division Chile;24;1998;23;20;1.739;193;0;0;0;0;0;0;4;1;0;0;0;0;0;
Matías Marín;;cl CHI;MF;O'Higgins;Primera Division Chile;23;1999;16;16;1.363;151;6;3;9;6;0;0;2;0;40;20;59;40;59;
Bryan Rabello;AIM Futbol ;cl CHI;MF;O'Higgins;Primera Division Chile;28;1994;13;9;814;90;1;4;5;1;0;0;1;0;11;44;55;11;55;
Matías Belmar;;cl CHI;FW;O'Higgins;Primera Division Chile;20;2002;17;10;803;89;4;0;4;4;0;0;1;0;45;0;45;45;45;
Antonio Díaz;;cl CHI;MF,DF;O'Higgins;Primera Division Chile;22;2000;21;18;1.526;170;2;1;3;2;0;0;5;1;12;6;18;12;18;
Matías Donoso;;cl CHI;FW;O'Higgins;Primera Division Chile;36;1986;11;4;431;48;1;2;3;1;0;0;2;0;21;42;63;21;63;
Fabián Hormazábal;;cl CHI;DF,MF;O'Higgins;Primera Division Chile;26;1996;30;28;2.513;279;1;2;3;1;0;0;4;0;4;7;11;4;11;
Francisco Arancibia;;cl CHI;MF,FW;O'Higgins;Primera Division Chile;26;1996;16;2;403;45;2;0;2;2;0;0;3;0;45;0;45;45;45;
Diego Fernández Castro;;cl CHI;MF;O'Higgins;Primera Division Chile;24;1998;23;11;1;111;1;1;2;1;0;0;2;0;9;9;18;9;18;
Diego González Torres;;cl CHI;DF;O'Higgins;Primera Division Chile;24;1998;20;18;1.675;186;2;0;2;2;0;0;6;0;11;0;11;11;11;
Martín Maturana;;cl CHI;FW,MF;O'Higgins;Primera Division Chile;19;2004;10;3;312;35;0;2;2;0;0;0;0;0;0;58;58;0;58;
Esteban Moreira;Vibra Futbol ;cl CHI;FW,MF;O'Higgins;Primera Division Chile;20;2002;24;13;962;107;2;0;2;2;0;0;3;0;19;0;19;19;19;
Moisés González;;cl CHI;DF;O'Higgins;Primera Division Chile;22;2000;16;14;1.235;137;1;0;1;0;1;2;5;0;7;0;7;0;0;
Pablo Hernández;Ikons by Solo Cracks;cl CHI;MF,FW;O'Higgins;Primera Division Chile;36;1986;25;20;1.855;206;0;1;1;0;0;1;7;0;0;5;5;0;5;
Camilo Moya;Talento Deportivo;cl CHI;MF;O'Higgins;Primera Division Chile;24;1998;25;20;1.723;191;0;1;1;0;0;0;4;1;0;5;5;0;5;
Brian Torrealba;AIM Futbol ;cl CHI;DF;O'Higgins;Primera Division Chile;25;1997;20;18;1.642;182;1;0;1;1;0;0;4;0;5;0;5;5;5;
Diego Carreño;AIM Futbol ;cl CHI;GK;O'Higgins;Primera Division Chile;20;2002;2;2;180;20;0;0;0;0;0;0;0;0;0;0;0;0;0;
Cristóbal Castillo;AIM Futbol ;cl CHI;MF;O'Higgins;Primera Division Chile;22;2000;10;4;391;43;0;0;0;0;0;0;2;0;0;0;0;0;0;
Juan Fuentes;;cl CHI;DF,MF;O'Higgins;Primera Division Chile;27;1995;19;16;1.355;151;0;0;0;0;0;0;4;1;0;0;0;0;0;
Ronald Guzmán;;cl CHI;DF;O'Higgins;Primera Division Chile;21;2001;3;3;239;27;0;0;0;0;0;0;1;0;0;0;0;0;0;
José Ignacio González;;cl CHI;GK;O'Higgins;Primera Division Chile;33;1989;24;24;2.16;240;0;0;0;0;0;0;5;0;0;0;0;0;0;
Matías Meneses;;cl CHI;FW;O'Higgins;Primera Division Chile;23;1999;3;0;28;3;0;0;0;0;0;0;0;0;0;0;0;0;0;
Pedro Navarro;AIM Futbol ;cl CHI;DF;O'Higgins;Primera Division Chile;21;2001;5;0;40;4;0;0;0;0;0;0;1;0;0;0;0;0;0;
Luis Ureta;;cl CHI;GK;O'Higgins;Primera Division Chile;23;1999;4;4;360;40;0;0;0;0;0;0;2;0;0;0;0;0;0;
Arnaldo Castillo;;py PAR;FW;O'Higgins;Primera Division Chile;25;1997;24;10;1.132;126;4;3;7;4;0;0;6;0;32;24;56;32;56;
Facundo Castro;;uy URU;MF,FW;O'Higgins;Primera Division Chile;28;1995;26;21;1.771;197;3;9;12;3;0;0;4;0;15;46;61;15;61;
Jonathan Benítez;;ar ARG;FW,MF;Palestino;Primera Division Chile;31;1991;26;21;1.675;186;3;4;7;3;0;0;5;2;16;21;38;16;38;
Agustín Farías;;ar ARG;MF;Palestino;Primera Division Chile;35;1987;27;27;2.346;261;2;1;3;1;1;1;8;0;8;4;12;4;8;
Fernando Meza;;ar ARG;DF;Palestino;Primera Division Chile;32;1990;20;18;1.461;162;0;1;1;0;0;0;2;0;0;6;6;0;6;
César Rigamonti;;ar ARG;GK;Palestino;Primera Division Chile;35;1987;27;27;2.384;265;0;0;0;0;0;0;3;1;0;0;0;0;0;
Hernán Rivero;;ar ARG;FW;Palestino;Primera Division Chile;30;1992;7;0;117;13;0;0;0;0;0;0;0;0;0;0;0;0;0;
Maximiliano Salas;;ar ARG;FW;Palestino;Primera Division Chile;25;1997;25;25;2.191;243;8;2;10;8;0;1;6;0;33;8;41;33;41;
Misael Dávila;Mundo Futuro Chile;cl CHI;MF,FW;Palestino;Primera Division Chile;31;1991;27;24;2.215;246;10;3;13;10;0;0;4;1;41;12;53;41;53;
Bryan Carrasco;;cl CHI;MF,FW;Palestino;Primera Division Chile;32;1991;30;23;2.112;235;5;3;8;2;3;3;4;0;21;13;34;9;21;
Fernando Cornejo Miranda;Mundo Futuro Chile;cl CHI;MF;Palestino;Primera Division Chile;27;1995;28;24;1.869;208;5;2;7;5;0;0;4;0;24;10;34;24;34;
Joe Abrigo;Mundo Futuro Chile;cl CHI;MF;Palestino;Primera Division Chile;27;1995;14;11;839;93;3;2;5;3;0;0;1;0;32;21;54;32;54;
Bruno Barticciotto;;cl CHI;FW;Palestino;Primera Division Chile;21;2001;14;11;958;106;3;1;4;3;0;0;3;1;28;9;38;28;38;
Brayan Véjar;Unosports Limitada;cl CHI;DF;Palestino;Primera Division Chile;27;1995;19;15;1.319;147;0;3;3;0;0;0;1;0;0;20;20;0;20;
Felipe Chamorro;Vibra Futbol ;cl CHI;MF,FW;Palestino;Primera Division Chile;21;2001;19;4;458;51;2;0;2;2;0;0;5;0;39;0;39;39;39;
Ariel Martínez;Mundo Futuro Chile;cl CHI;MF,FW;Palestino;Primera Division Chile;29;1994;16;9;831;92;1;1;2;1;0;0;1;0;11;11;22;11;22;
Dilan Zúñiga;Mundo Futuro Chile;cl CHI;DF;Palestino;Primera Division Chile;26;1996;23;21;1.936;215;1;1;2;1;0;0;3;0;5;5;9;5;9;
José Bizama;;cl CHI;DF;Palestino;Primera Division Chile;28;1994;12;10;961;107;0;1;1;0;0;0;3;0;0;9;9;0;9;
Antonio Ceza;Trading Sports;cl CHI;DF;Palestino;Primera Division Chile;20;2002;18;15;1.378;153;1;0;1;1;0;0;2;0;7;0;7;7;7;
Nicolás Alonso Meza Muñoz;;cl CHI;MF;Palestino;Primera Division Chile;0;0;21;4;492;55;0;1;1;0;0;0;3;1;0;18;18;0;18;
Cristián Suárez;Mundo Futuro Chile;cl CHI;DF;Palestino;Primera Division Chile;35;1987;23;22;1.987;221;1;0;1;1;0;0;2;0;5;0;5;5;5;
Martín Araya;;cl CHI;MF;Palestino;Primera Division Chile;17;2005;2;0;15;2;0;0;0;0;0;0;0;0;0;0;0;0;0;
Gonzalo Collao;Trading Sports;cl CHI;GK;Palestino;Primera Division Chile;25;1997;4;3;316;35;0;0;0;0;0;0;0;0;0;0;0;0;0;
Vicente Fernández;Trading Sports;cl CHI;DF;Palestino;Primera Division Chile;23;1999;2;2;135;15;0;0;0;0;0;0;0;0;0;0;0;0;0;
Maicol León;Vibra Futbol ;cl CHI;MF;Palestino;Primera Division Chile;19;2003;10;0;162;18;0;0;0;0;0;0;0;0;0;0;0;0;0;
Alan Riquelme;;cl CHI;DF;Palestino;Primera Division Chile;19;2003;3;3;179;20;0;0;0;0;0;0;1;0;0;0;0;0;0;
Benjamín Rojas;AIM Futbol ;cl CHI;DF;Palestino;Primera Division Chile;21;2001;19;11;1.007;112;0;0;0;0;0;0;2;1;0;0;0;0;0;
Iván Román;Next level Sports Managament;cl CHI;DF;Palestino;Primera Division Chile;16;2006;2;0;4;0;0;0;0;0;0;0;0;0;0;0;0;0;0;
Dilan Salgado;;cl CHI;MF;Palestino;Primera Division Chile;19;2003;4;0;72;8;0;0;0;0;0;0;0;0;0;0;0;0;0;
Nery Domínguez;;ar ARG;DF,MF;U de Chile;Primera Division Chile;32;1990;23;19;1.697;189;0;0;0;0;0;0;6;1;0;0;0;0;0;
Leandro Fernández;;ar ARG;FW;U de Chile;Primera Division Chile;31;1991;26;22;1.831;203;10;3;13;8;2;2;11;0;49;15;64;39;54;
Federico Mateos;;ar ARG;MF;U de Chile;Primera Division Chile;29;1993;20;18;1.617;180;2;2;4;2;0;0;8;0;11;11;22;11;22;
Pedro Ojeda;;ar ARG;MF;U de Chile;Primera Division Chile;25;1997;24;20;1.691;188;0;2;2;0;0;0;8;0;0;11;11;0;11;
Juan Pablo Gómez;;ar ARG;MF,DF;U de Chile;Primera Division Chile;31;1991;25;19;1.583;176;0;1;1;0;0;0;2;0;0;6;6;0;6;
Nicolás Guerra;;cl CHI;FW;U de Chile;Primera Division Chile;24;1999;27;20;1.816;202;6;1;7;6;0;0;4;1;30;5;35;30;35;
Marcelo Morales;Vibra Futbol ;cl CHI;MF,DF;U de Chile;Primera Division Chile;19;2003;20;18;1.595;177;0;7;7;0;0;0;8;0;0;39;39;0;39;
Darío Osorio;;cl CHI;MF,FW;U de Chile;Primera Division Chile;19;2004;17;12;1.05;117;3;1;4;3;0;0;5;1;26;9;34;26;34;
Lucas Assadi;Unosports Limitada;cl CHI;MF,FW;U de Chile;Primera Division Chile;19;2004;25;13;1.18;131;3;0;3;3;0;0;1;1;23;0;23;23;23;
Israel Poblete;Vibra Futbol ;cl CHI;MF;U de Chile;Primera Division Chile;27;1995;27;24;2.106;234;2;1;3;2;0;0;2;0;9;4;13;9;13;
Jeison Fuentealba;;cl CHI;MF;U de Chile;Primera Division Chile;20;2003;20;3;416;46;1;1;2;0;1;1;2;1;22;22;43;0;22;
Luis Casanova;;cl CHI;DF;U de Chile;Primera Division Chile;30;1992;28;28;2.51;279;1;0;1;1;0;0;5;0;4;0;4;4;4;
Jose Castro;;cl CHI;DF;U de Chile;Primera Division Chile;21;2001;8;8;699;78;0;1;1;0;0;0;1;0;0;13;13;0;13;
Renato Cordero;;cl CHI;MF;U de Chile;Primera Division Chile;19;2003;12;9;751;83;0;1;1;0;0;0;3;0;0;12;12;0;12;
Renato Huerta;AIM Futbol ;cl CHI;FW,MF;U de Chile;Primera Division Chile;18;2004;13;6;480;53;0;1;1;0;0;0;3;0;0;19;19;0;19;
Ignacio Tapia;;cl CHI;DF;U de Chile;Primera Division Chile;23;1999;11;5;512;57;1;0;1;1;0;0;4;1;18;0;18;18;18;
Matías Zaldivia;;cl CHI;DF;U de Chile;Primera Division Chile;32;1991;23;23;1.959;218;0;1;1;0;0;0;8;2;0;5;5;0;5;
Yonathan Andía;;cl CHI;DF,MF;U de Chile;Primera Division Chile;30;1992;27;12;1.194;133;0;0;0;0;0;0;5;0;0;0;0;0;0;
Cristóbal Campos;;cl CHI;GK;U de Chile;Primera Division Chile;23;1999;21;21;1.845;205;0;0;0;0;0;0;2;0;0;0;0;0;0;
Enzo Fernández;;cl CHI;MF;U de Chile;Primera Division Chile;20;2002;1;0;1;0;0;0;0;0;0;0;0;0;0;0;0;0;0;
Vicente Fernández;;cl CHI;MF,DF;U de Chile;Primera Division Chile;23;1999;6;2;224;25;0;0;0;0;0;0;0;0;0;0;0;0;0;
Felipe Gallegos;;cl CHI;MF;U de Chile;Primera Division Chile;31;1991;3;2;139;15;0;0;0;0;0;0;0;0;0;0;0;0;0;
Franco Lobos;;cl CHI;FW,MF;U de Chile;Primera Division Chile;23;1999;10;0;59;7;0;0;0;0;0;0;0;0;0;0;0;0;0;
Mauricio Morales;AIM Futbol ;cl CHI;MF,DF;U de Chile;Primera Division Chile;23;2000;8;2;218;24;0;0;0;0;0;0;1;0;0;0;0;0;0;
Daniel Navarrete;;cl CHI;MF;U de Chile;Primera Division Chile;21;2001;2;0;26;3;0;0;0;0;0;0;0;0;0;0;0;0;0;
Cristián Pardo;;cl CHI;FW;U de Chile;Primera Division Chile;20;2003;1;0;8;1;0;0;0;0;0;0;0;0;0;0;0;0;0;
Cristopher Toselli;Vibra Futbol ;cl CHI;GK;U de Chile;Primera Division Chile;34;1988;10;9;855;95;0;0;0;0;0;0;2;0;0;0;0;0;0;
Jeisson Vargas;;cl CHI;FW,MF;U de Chile;Primera Division Chile;25;1997;3;0;53;6;0;0;0;0;0;0;0;0;0;0;0;0;0;
Cristian Palacios;;uy URU;FW;U de Chile;Primera Division Chile;32;1990;24;15;1.399;155;9;2;11;9;0;0;1;0;58;13;71;58;71;
Emanuel Cecchini;;ar ARG;MF;Unión Española;Primera Division Chile;26;1996;17;12;1.047;116;0;0;0;0;0;0;3;0;0;0;0;0;0;
Leandro Garate;;ar ARG;FW;Unión Española;Primera Division Chile;29;1993;30;30;2.552;284;14;8;22;11;3;3;6;0;49;28;78;39;67;
Thomas Rodríguez;;ar ARG;MF;Unión Española;Primera Division Chile;26;1996;9;3;238;26;0;1;1;0;0;0;2;0;0;38;38;0;38;
Bryan Carvallo;;cl CHI;MF;Unión Española;Primera Division Chile;26;1996;25;9;975;108;2;5;7;2;0;0;1;1;18;46;65;18;65;
Ariel Uribe;;cl CHI;MF;Unión Española;Primera Division Chile;23;1999;26;23;1.945;216;5;2;7;5;0;0;1;0;23;9;32;23;32;
Ignacio Núñez;;cl CHI;MF;Unión Española;Primera Division Chile;32;1991;25;22;1.907;212;1;4;5;1;0;0;3;0;5;19;24;5;24;
Simón Ramírez;AIM Futbol ;cl CHI;DF;Unión Española;Primera Division Chile;24;1998;25;22;2.01;223;0;3;3;0;0;0;3;0;0;13;13;0;13;
Vicente Conelli;RC Sport Managament;cl CHI;FW,MF;Unión Española;Primera Division Chile;20;2003;17;5;464;52;2;0;2;2;0;0;0;0;39;0;39;39;39;
Stefano Magnasco;Talento Deportivo;cl CHI;DF;Unión Española;Primera Division Chile;30;1992;6;6;507;56;1;1;2;1;0;0;0;0;18;18;36;18;36;
Felipe Massri;Talento Deportivo;cl CHI;MF,DF;Unión Española;Primera Division Chile;20;2002;23;11;1.055;117;1;1;2;1;0;0;2;1;9;9;17;9;17;
Luis Pavez Muñoz;Vibra Futbol ;cl CHI;DF;Unión Española;Primera Division Chile;27;1995;25;25;2.173;241;0;2;2;0;0;0;8;0;0;8;8;0;8;
José Tiznado;ProSports Chile;cl CHI;DF;Unión Española;Primera Division Chile;28;1994;21;20;1.746;194;1;1;2;1;0;0;6;1;5;5;10;5;10;
Bastián Yañez;Talento Deportivo;cl CHI;MF,FW;Unión Española;Primera Division Chile;21;2001;22;9;900;100;0;2;2;0;0;0;0;0;0;20;20;0;20;
Diego Acevedo;;cl CHI;MF;Unión Española;Primera Division Chile;21;2001;10;2;204;23;1;0;1;1;0;0;1;0;44;0;44;44;44;
Sebastián Leyton;Andes Sport Management;cl CHI;MF;Unión Española;Primera Division Chile;29;1993;23;19;1.545;172;0;1;1;0;0;0;7;2;0;6;6;0;6;
Gabriel Norambuena;RC Sport Managament;cl CHI;MF,FW;Unión Española;Primera Division Chile;19;2003;19;11;739;82;0;1;1;0;0;0;0;1;0;12;12;0;12;
Claudio Espinoza;Talento Deportivo;cl CHI;MF;Unión Española;Primera Division Chile;20;2002;2;0;31;3;0;0;0;0;0;0;0;0;0;0;0;0;0;
Juan José Echave;;cl CHI;GK;Unión Española;Primera Division Chile;22;2001;3;3;270;30;0;0;0;0;0;0;0;1;0;0;0;0;0;
Mauro Maureira;;cl CHI;MF;Unión Española;Primera Division Chile;21;2001;1;0;1;0;0;0;0;0;0;0;0;0;0;0;0;0;0;
Alonso Montecinos;;cl CHI;GK;Unión Española;Primera Division Chile;23;1999;1;0;55;6;0;0;0;0;0;0;0;0;0;0;0;0;0;
Sebastián Pérez Kirby;Talento Deportivo;cl CHI;GK;Unión Española;Primera Division Chile;32;1990;23;23;2.012;224;0;0;0;0;0;0;5;1;0;0;0;0;0;
Andrés Segovia;;cl CHI;DF;Unión Española;Primera Division Chile;25;1997;3;0;21;2;0;0;0;0;0;0;0;0;0;0;0;0;0;
Jeremy Silva;;cl CHI;MF;Unión Española;Primera Division Chile;21;2001;4;1;158;18;0;0;0;0;0;0;1;0;0;0;0;0;0;
Rodrigo Vásquez;Unosports Limitada;cl CHI;MF;Unión Española;Primera Division Chile;17;2005;1;0;1;0;0;0;0;0;0;0;0;0;0;0;0;0;0;
Valentín Vidal;Talento Deportivo;cl CHI;DF;Unión Española;Primera Division Chile;18;2004;20;10;1.015;113;0;0;0;0;0;0;3;0;0;0;0;0;0;
Jonathan Villagra;Talento Deportivo;cl CHI;DF;Unión Española;Primera Division Chile;21;2001;26;22;2.062;229;0;0;0;0;0;0;6;0;0;0;0;0;0;
Benjamín Galdames;;mx MEX;MF,FW;Unión Española;Primera Division Chile;21;2001;14;7;674;75;0;0;0;0;0;0;0;0;0;0;0;0;0;
Manuel Fernández;;uy URU;DF;Unión Española;Primera Division Chile;34;1989;15;12;1.129;125;1;0;1;1;0;0;6;1;8;0;8;8;8;
Nicolás Guirin;;uy URU;GK;Unión Española;Primera Division Chile;27;1995;4;4;360;40;0;0;0;0;0;0;0;0;0;0;0;0;0;
Rodrigo Piñeiro;;uy URU;MF,FW;Unión Española;Primera Division Chile;23;1999;21;19;1.647;183;11;3;14;11;0;0;4;0;60;16;77;60;77;
Guillermo Burdisso;;ar ARG;DF;Univ Católica;Primera Division Chile;34;1988;15;12;1.08;120;0;0;0;0;0;0;4;1;0;0;0;0;0;
Franco Di Santo;;ar ARG;FW,MF;Univ Católica;Primera Division Chile;33;1989;20;12;1.122;125;2;1;3;2;0;0;1;0;16;8;24;16;24;
Matías Dituro;;ar ARG;GK;Univ Católica;Primera Division Chile;35;1987;15;15;1.35;150;0;0;0;0;0;0;3;0;0;0;0;0;0;
Nicolás Peranic;;ar ARG;GK;Univ Católica;Primera Division Chile;37;1985;15;15;1.35;150;0;0;0;0;0;0;1;0;0;0;0;0;0;
Fernando Zampedri;;ar ARG;FW;Univ Católica;Primera Division Chile;34;1988;28;27;2.395;266;17;2;19;12;5;7;9;0;64;8;71;45;53;
Alexander Aravena;Vibra Futbol ;cl CHI;MF,FW;Univ Católica;Primera Division Chile;20;2002;28;27;2.443;271;13;4;17;13;0;0;4;1;48;15;63;48;63;
Cristián Cuevas;Vibra Futbol ;cl CHI;MF,DF;Univ Católica;Primera Division Chile;27;1995;28;19;1.782;198;2;6;8;2;0;0;8;0;10;30;40;10;40;
César Pinares;Unosports Limitada;cl CHI;MF,FW;Univ Católica;Primera Division Chile;31;1991;21;18;1.556;173;2;5;7;2;0;0;2;0;12;29;40;12;40;
Gonzalo Tapia;Vibra Futbol ;cl CHI;FW,MF;Univ Católica;Primera Division Chile;20;2002;25;9;1.139;127;4;3;7;4;0;0;3;0;32;24;55;32;55;
Mauricio Isla;;cl CHI;DF,MF;Univ Católica;Primera Division Chile;34;1988;10;9;806;90;1;3;4;1;0;0;3;1;11;33;45;11;45;
Eugenio Mena;Vibra Futbol ;cl CHI;DF,MF;Univ Católica;Primera Division Chile;34;1988;21;20;1.707;190;1;2;3;1;0;0;5;0;5;11;16;5;16;
Clemente Montes;;cl CHI;FW,MF;Univ Católica;Primera Division Chile;21;2001;15;13;986;110;1;2;3;1;0;0;3;0;9;18;27;9;27;
Branco Ampuero;Vibra Futbol ;cl CHI;DF;Univ Católica;Primera Division Chile;29;1993;23;21;1.738;193;0;1;1;0;0;0;4;0;0;5;5;0;5;
Jorge Eduardo Ortiz;;cl CHI;FW,MF;Univ Católica;Primera Division Chile;19;2004;12;5;425;47;1;0;1;1;0;0;1;0;21;0;21;21;21;
Luis Hernández;;cl CHI;FW;Univ Católica;Primera Division Chile;19;2004;5;0;50;6;0;1;1;0;0;0;1;0;0;180;180;0;180;
Byron Nieto;Trading Sports;cl CHI;DF,MF;Univ Católica;Primera Division Chile;23;1999;24;14;1.253;139;0;1;1;0;0;0;4;0;0;7;7;0;7;
Axel Cerda;;cl CHI;FW;Univ Católica;Primera Division Chile;16;2006;1;0;11;1;0;0;0;0;0;0;0;0;0;0;0;0;0;
Diego Corral;;cl CHI;MF;Univ Católica;Primera Division Chile;17;2005;2;0;35;4;0;0;0;0;0;0;0;0;0;0;0;0;0;
Juan Francisco Rossel;Vibra Futbol ;cl CHI;MF;Univ Católica;Primera Division Chile;17;2005;3;0;31;3;0;0;0;0;0;0;0;0;0;0;0;0;0;
Bryan González;AIM Futbol ;cl CHI;MF;Univ Católica;Primera Division Chile;19;2003;2;2;105;12;0;0;0;0;0;0;0;0;0;0;0;0;0;
Daniel González;Vibra Futbol ;cl CHI;DF,MF;Univ Católica;Primera Division Chile;20;2002;18;9;886;98;0;0;0;0;0;0;1;0;0;0;0;0;0;
Diego Ossa;;cl CHI;FW;Univ Católica;Primera Division Chile;18;2004;1;1;45;5;0;0;0;0;0;0;0;0;0;0;0;0;0;
Alfonso Parot;Pass Ball;cl CHI;DF;Univ Católica;Primera Division Chile;33;1989;26;16;1.545;172;0;0;0;0;0;0;8;1;0;0;0;0;0;
Ignacio Saavedra;;cl CHI;MF;Univ Católica;Primera Division Chile;24;1999;28;28;2.489;277;0;0;0;0;0;0;7;1;0;0;0;0;0;
Brayan Rovira;;co COL;MF;Univ Católica;Primera Division Chile;26;1996;21;16;1.459;162;0;5;5;0;0;0;4;0;0;31;31;0;31;
Gary Kagelmacher;;uy URU;DF;Univ Católica;Primera Division Chile;34;1988;22;22;1.82;202;3;1;4;3;0;0;12;2;15;5;20;15;20;
